,Start,End
0,2024-01-14 03:50:23.504129,2024-01-14 03:50:41.373027
1,2024-01-14 03:50:58.405290,2024-01-14 03:51:11.612348
2,2024-01-14 03:51:23.206482,2024-01-14 03:51:36.942707
3,2024-01-14 03:51:50.590363,2024-01-14 03:51:58.469426
4,2024-01-14 03:52:17.057800,2024-01-14 03:52:28.698186
5,2024-01-14 03:52:29.519563,2024-01-14 03:52:36.189816
6,2024-01-14 03:52:46.922130,2024-01-14 03:53:08.057875
7,2024-01-14 03:53:20.013029,2024-01-14 03:53:37.437209
8,2024-01-14 03:54:02.667559,2024-01-14 03:54:02.667559
